{
  "index": "/index.html",
  "assetGroups": [{
    "name": "app",
    "installMode": "prefetch",
    "resources": {
      "files": [
        "/index.html",
        "/manifest.json"
      ]
    }
  }, {
    "name": "assets",
    "installMode": "lazy",
    "updateMode": "prefetch",
    "resources": {
      "files": [
        "/assets/**"
      ],
      "urls": [
        "https://fonts.googleapis.com/**",
        "https://fonts.gstatic.com/**",
        "https://pwadb.azurewebsites.net/**"
      
      ]
    }
  }],
  "dataGroups": [
    {
      "name": "api",
      "urls": [],
      "cacheConfig": {
        "strategy": "freshness",
        "maxSize": 100,
        "maxAge": "3d",
        "timeout": "1m"
      }
    }
  ]
}